,Op Type,Operator A,Operator B,Output,Bound,C/M ratio,Op Intensity,Latency (msec),Cycles,C Effcy,Flops (MFLOP),Input_a (MB),Input_w (MB),Output (MB),Total Data (MB),Throughput (Tflops),Compute Cycles,Memory Cycles
0,aten::mul,1,1,1,M,0.0024390243902439024,0.3333333333333333,6.666666666666667e-09,0.006266666666666667,1.0,2e-06,1e-06,1e-06,1e-06,3e-06,0.3,1.5284552845528455e-05,0.006266666666666667
1,aten::matmul,"[4, 1]","[1, 4]","[4, 4]",M,0.004878048780487805,0.6666666666666666,5.3333333333333334e-08,0.050133333333333335,1.0,3.2e-05,4e-06,4e-06,1.6e-05,2.4e-05,0.6,0.0002445528455284553,0.050133333333333335
2,aten::mul,"[4, 1]",1,"[4, 1]",M,0.003252032520325203,0.4444444444444444,2e-08,0.0188,1.0,8e-06,4e-06,1e-06,4e-06,9e-06,0.39999999999999997,6.113821138211382e-05,0.0188
3,aten::mul,"[1, 4]",1,"[1, 4]",M,0.003252032520325203,0.4444444444444444,2e-08,0.0188,1.0,8e-06,4e-06,1e-06,4e-06,9e-06,0.39999999999999997,6.113821138211382e-05,0.0188
4,aten::mul,1,1,1,M,0.0024390243902439024,0.3333333333333333,6.666666666666667e-09,0.006266666666666667,1.0,2e-06,1e-06,1e-06,1e-06,3e-06,0.3,1.5284552845528455e-05,0.006266666666666667
5,aten::matmul,"[4, 1]","[1, 4]","[4, 4]",M,0.004878048780487805,0.6666666666666666,5.3333333333333334e-08,0.050133333333333335,1.0,3.2e-05,4e-06,4e-06,1.6e-05,2.4e-05,0.6,0.0002445528455284553,0.050133333333333335
6,aten::cos,"[4, 4]",0,"[4, 4]",M,0.056249999999999994,0.5,7.111111111111111e-08,0.06684444444444444,1.0,3.2e-05,1.6e-05,0.0,1.6e-05,3.2e-05,0.45,0.00376,0.06684444444444444
7,aten::reciprocal,[],0,[],M,0.056249999999999994,0.5,4.444444444444444e-09,0.004177777777777778,1.0,2e-06,1e-06,0.0,1e-06,2e-06,0.45,0.000235,0.004177777777777778
8,aten::mul,1,1,1,M,0.0024390243902439024,0.3333333333333333,6.666666666666667e-09,0.006266666666666667,1.0,2e-06,1e-06,1e-06,1e-06,3e-06,0.3,1.5284552845528455e-05,0.006266666666666667
9,aten::mul,1,"[4, 4]","[4, 4]",M,0.003547671840354767,0.48484848484848486,7.333333333333334e-08,0.06893333333333333,1.0,3.2e-05,1e-06,1.6e-05,1.6e-05,3.3e-05,0.43636363636363634,0.0002445528455284553,0.06893333333333333
10,aten::matmul,"[4, 4]","[1, 3, 65536, 4, 4]","[1, 3, 65536, 4, 4]",M,0.014634109124999371,1.9999949137499142,0.013981048888888889,13142.185955555557,1.0,25.165824,1.6e-05,3.145728,3.145728,6.291472,1.7999954223749228,192.32418341463415,13142.185955555557
11,aten::matmul,"[1, 3, 65536, 4, 4]","[4, 4]","[1, 3, 65536, 4, 4]",M,0.014634109124999371,1.9999949137499142,0.013981048888888889,13142.185955555557,1.0,25.165824,3.145728,1.6e-05,3.145728,6.291472,1.7999954223749228,192.32418341463415,13142.185955555557
12,aten::mul,"[4, 4]","[1, 3, 65536, 4, 4]","[1, 3, 65536, 4, 4]",M,0.003658527281249843,0.49999872843747856,0.013981048888888889,13142.185955555557,1.0,6.291456,1.6e-05,3.145728,3.145728,6.291472,0.4499988555937307,48.08104585365854,13142.185955555557
13,aten::mul,1,1,1,M,0.0024390243902439024,0.3333333333333333,6.666666666666667e-09,0.006266666666666667,1.0,2e-06,1e-06,1e-06,1e-06,3e-06,0.3,1.5284552845528455e-05,0.006266666666666667
14,aten::mul,1,1,1,M,0.0024390243902439024,0.3333333333333333,6.666666666666667e-09,0.006266666666666667,1.0,2e-06,1e-06,1e-06,1e-06,3e-06,0.3,1.5284552845528455e-05,0.006266666666666667
15,aten::pow,"[48, 18, 4, 4]",0,"[48, 18, 4, 4]",M,0.05625,0.5,6.144e-05,57.7536,1.0,0.027648,0.013824,0.0,0.013824,0.027648,0.45,3.24864,57.7536
16,aten::mul,"[48, 18, 4, 4]","[48, 1, 1, 1]","[48, 18, 4, 4]",M,0.003652195967366952,0.49913344887348354,6.154666666666666e-05,57.853866666666676,1.0,0.027648,0.013824,4.8e-05,0.013824,0.027696,0.44922010398613516,0.21129365853658535,57.853866666666676
17,aten::_convolution,"[1, 18, 256, 256]","[48, 18, 4, 4]","[1, 48, 128, 128]",M,0.8370413820507484,114.39565554693561,0.004399786666666666,4135.799466666666,1.0,452.984832,1.179648,0.013824,0.786432,1.979904,102.95608999224206,3461.8353014634145,4135.799466666666
18,aten::pow,"[48, 48, 4, 4]",0,"[48, 48, 4, 4]",M,0.05625,0.5,0.00016383999999999998,154.00959999999998,1.0,0.073728,0.036864,0.0,0.036864,0.073728,0.45,8.66304,154.00959999999998
19,aten::mul,"[48, 48, 4, 4]","[48, 1, 1, 1]","[48, 48, 4, 4]",M,0.0036561562752907948,0.4996746909564086,0.00016394666666666666,154.10986666666668,1.0,0.073728,0.036864,4.8e-05,0.036864,0.073776,0.4497072218607678,0.563449756097561,154.10986666666668
20,aten::_convolution,"[1, 48, 128, 128]","[48, 48, 4, 4]","[1, 48, 64, 64]",C,1.0832794593006172,148.04819277108433,0.002455202341463415,2307.89020097561,1.0,301.989888,0.786432,0.036864,0.196608,1.019904,122.99999999999999,2307.89020097561,2130.4661333333333
21,aten::pow,"[64, 48, 4, 4]",0,"[64, 48, 4, 4]",M,0.05625000000000001,0.5,0.0002184533333333333,205.3461333333333,1.0,0.098304,0.049152,0.0,0.049152,0.098304,0.45,11.55072,205.3461333333333
22,aten::mul,"[64, 48, 4, 4]","[64, 1, 1, 1]","[64, 48, 4, 4]",M,0.0036561562752907943,0.4996746909564086,0.00021859555555555556,205.47982222222223,1.0,0.098304,0.049152,6.4e-05,0.049152,0.098368,0.4497072218607678,0.7512663414634146,205.47982222222223
23,aten::_convolution,"[1, 48, 64, 64]","[64, 48, 4, 4]","[1, 64, 32, 32]",C,1.1830551989730422,161.68421052631578,0.0008184007804878049,769.2967336585366,1.0,100.663296,0.196608,0.049152,0.065536,0.311296,123.0,769.2967336585366,650.2627555555556
24,aten::pow,"[64, 64, 4, 4]",0,"[64, 64, 4, 4]",M,0.056249999999999994,0.5,0.0002912711111111111,273.79484444444444,1.0,0.131072,0.065536,0.0,0.065536,0.131072,0.45,15.40096,273.79484444444444
25,aten::mul,"[64, 64, 4, 4]","[64, 1, 1, 1]","[64, 64, 4, 4]",M,0.003656751062386173,0.4997559785261103,0.00029141333333333334,273.92853333333335,1.0,0.131072,0.065536,6.4e-05,0.065536,0.131136,0.4497803806734992,1.0016884552845529,273.92853333333335
26,aten::_convolution,"[1, 64, 32, 32]","[64, 64, 4, 4]","[1, 64, 16, 16]",M,0.8325203252032519,113.77777777777777,0.00032768,308.0192,1.0,33.554432,0.065536,0.065536,0.016384,0.147456,102.39999999999999,256.43224455284553,308.0192
27,aten::pow,"[128, 64, 4, 4]",0,"[128, 64, 4, 4]",M,0.056249999999999994,0.5,0.0005825422222222222,547.5896888888889,1.0,0.262144,0.131072,0.0,0.131072,0.262144,0.45,30.80192,547.5896888888889
28,aten::mul,"[128, 64, 4, 4]","[128, 1, 1, 1]","[128, 64, 4, 4]",M,0.003656751062386173,0.4997559785261103,0.0005828266666666667,547.8570666666667,1.0,0.262144,0.131072,0.000128,0.131072,0.262272,0.4497803806734992,2.0033769105691057,547.8570666666667
29,aten::_convolution,"[1, 64, 16, 16]","[128, 64, 4, 4]","[1, 128, 8, 8]",M,0.39435173299101406,53.89473684210526,0.0003458844444444445,325.1313777777778,1.0,16.777216,0.016384,0.131072,0.008192,0.155648,48.50526315789473,128.21612227642277,325.1313777777778
30,aten::pow,"[128, 128, 4, 4]",0,"[128, 128, 4, 4]",M,0.056249999999999994,0.5,0.0011650844444444444,1095.1793777777777,1.0,0.524288,0.262144,0.0,0.262144,0.524288,0.45,61.60384,1095.1793777777777
31,aten::mul,"[128, 128, 4, 4]","[128, 1, 1, 1]","[128, 128, 4, 4]",M,0.003657643605969865,0.4998779594825482,0.0011653688888888889,1095.4467555555557,1.0,0.524288,0.262144,0.000128,0.262144,0.524416,0.44989016353429334,4.006753821138211,1095.4467555555557
32,aten::_convolution,"[1, 128, 8, 8]","[128, 128, 4, 4]","[1, 128, 4, 4]",M,0.11267192371171833,15.398496240601503,0.0006052977777777777,568.979911111111,1.0,8.388608,0.008192,0.262144,0.002048,0.272384,13.858646616541353,64.10806113821138,568.979911111111
33,aten::pow,"[256, 2048]",0,"[256, 2048]",M,0.056249999999999994,0.5,0.002330168888888889,2190.3587555555555,1.0,1.048576,0.524288,0.0,0.524288,1.048576,0.45,123.20768,2190.3587555555555
34,aten::mul,"[256, 2048]","[256, 1]","[256, 2048]",M,0.003657643605969865,0.4998779594825482,0.0023307377777777778,2190.8935111111114,1.0,1.048576,0.524288,0.000256,0.524288,1.048832,0.44989016353429334,8.013507642276423,2190.8935111111114
35,aten::linear,"[1, 2048]","[256, 2048]","[1, 256]",M,0.007285058752386259,0.9956246961594555,0.0011702044444444446,1099.992177777778,1.0,1.048576,0.002048,0.524288,0.000256,0.526592,0.8960622265435099,8.013507642276423,1099.992177777778
36,aten::pow,"[256, 21918]",0,"[256, 21918]",M,0.05625000000000001,0.5,0.024937813333333333,23441.544533333334,1.0,11.222016,5.611008,0.0,5.611008,11.222016,0.45,1318.58688,23441.544533333334
37,aten::mul,"[256, 21918]","[256, 1]","[256, 21918]",M,0.003658453127634135,0.4999885941099984,0.02493838222222222,23442.079288888886,1.0,11.222016,5.611008,0.000256,5.611008,11.222272,0.4499897346989986,85.76174829268292,23442.079288888886
38,aten::linear,"[1, 21918]","[256, 21918]","[1, 256]",M,0.007288270838322102,0.996063681237354,0.01251818222222222,11767.091288888889,1.0,11.222016,0.021918,5.611008,0.000256,5.633182,0.8964573131136186,85.76174829268292,11767.091288888889
39,aten::pow,"[512, 512]",0,"[512, 512]",M,0.056249999999999994,0.5,0.0011650844444444444,1095.1793777777777,1.0,0.524288,0.262144,0.0,0.262144,0.524288,0.45,61.60384,1095.1793777777777
40,aten::mul,"[512, 512]","[512, 1]","[512, 512]",M,0.0036549672813801304,0.4995121951219512,0.0011662222222222224,1096.248888888889,1.0,0.524288,0.262144,0.000512,0.262144,0.5248,0.44956097560975605,4.006753821138211,1096.248888888889
41,aten::linear,"[1, 512]","[512, 512]","[1, 512]",M,0.007288602068900067,0.9961089494163424,0.0005848177777777777,549.7287111111111,1.0,0.524288,0.000512,0.262144,0.000512,0.263168,0.8964980544747082,4.006753821138211,549.7287111111111
42,aten::mul,"[1, 256]",1,"[1, 256]",M,0.003651404935101982,0.49902534113060426,1.14e-06,1.0716,1.0,0.000512,0.000256,1e-06,0.000256,0.000513,0.44912280701754376,0.003912845528455285,1.0716
43,aten::mul,"[1, 256]",1,"[1, 256]",M,0.003651404935101982,0.49902534113060426,1.14e-06,1.0716,1.0,0.000512,0.000256,1e-06,0.000256,0.000513,0.44912280701754376,0.003912845528455285,1.0716
44,aten::mul,"[1, 256]",1,"[1, 256]",M,0.003651404935101982,0.49902534113060426,1.14e-06,1.0716,1.0,0.000512,0.000256,1e-06,0.000256,0.000513,0.44912280701754376,0.003912845528455285,1.0716
45,aten::pow,"[1, 256]",0,"[1, 256]",M,0.056249999999999994,0.5,1.1377777777777777e-06,1.069511111111111,1.0,0.000512,0.000256,0.0,0.000256,0.000512,0.45,0.06016,1.069511111111111
46,aten::mul,"[1, 256]",1,"[1, 256]",M,0.003651404935101982,0.49902534113060426,1.14e-06,1.0716,1.0,0.000512,0.000256,1e-06,0.000256,0.000513,0.44912280701754376,0.003912845528455285,1.0716
47,aten::mean,"[1, 256]",0,[],M,0.00043774319066147856,0.0038910505836575876,5.711111111111111e-07,0.5368444444444445,1.0,2e-06,0.000256,0.0,1e-06,0.000257,0.0035019455252918285,0.000235,0.5368444444444445
48,aten::mul,1,1,1,M,0.0024390243902439024,0.3333333333333333,6.666666666666667e-09,0.006266666666666667,1.0,2e-06,1e-06,1e-06,1e-06,3e-06,0.3,1.5284552845528455e-05,0.006266666666666667
49,aten::mul,"[1, 256]","[1, 256]","[1, 256]",M,0.0024390243902439024,0.3333333333333333,1.7066666666666667e-06,1.6042666666666667,1.0,0.000512,0.000256,0.000256,0.000256,0.000768,0.3,0.003912845528455285,1.6042666666666667
50,aten::pow,"[48, 30, 4, 4]",0,"[48, 30, 4, 4]",M,0.056249999999999994,0.5,0.0001024,96.256,1.0,0.04608,0.02304,0.0,0.02304,0.04608,0.45,5.4144,96.256
51,aten::mul,"[48, 30, 4, 4]","[48, 1, 1, 1]","[48, 30, 4, 4]",M,0.0036547295753914873,0.4994797086368366,0.00010250666666666667,96.35626666666667,1.0,0.04608,0.02304,4.8e-05,0.02304,0.046128,0.449531737773153,0.3521560975609756,96.35626666666667
52,aten::_convolution,"[1, 30, 256, 256]","[48, 30, 4, 4]","[1, 48, 128, 128]",M,0.9951543455666986,136.00442722744882,0.006167893333333333,5797.819733333333,1.0,754.97472,1.96608,0.02304,0.786432,2.775552,122.40398450470394,5769.725502439024,5797.819733333333
53,aten::pow,"[48, 48, 4, 4]",0,"[48, 48, 4, 4]",M,0.05625,0.5,0.00016383999999999998,154.00959999999998,1.0,0.073728,0.036864,0.0,0.036864,0.073728,0.45,8.66304,154.00959999999998
54,aten::mul,"[48, 48, 4, 4]","[48, 1, 1, 1]","[48, 48, 4, 4]",M,0.0036561562752907948,0.4996746909564086,0.00016394666666666666,154.10986666666668,1.0,0.073728,0.036864,4.8e-05,0.036864,0.073776,0.4497072218607678,0.563449756097561,154.10986666666668
55,aten::_convolution,"[1, 48, 128, 128]","[48, 48, 4, 4]","[1, 48, 64, 64]",C,1.0832794593006172,148.04819277108433,0.002455202341463415,2307.89020097561,1.0,301.989888,0.786432,0.036864,0.196608,1.019904,122.99999999999999,2307.89020097561,2130.4661333333333
56,aten::pow,"[64, 48, 4, 4]",0,"[64, 48, 4, 4]",M,0.05625000000000001,0.5,0.0002184533333333333,205.3461333333333,1.0,0.098304,0.049152,0.0,0.049152,0.098304,0.45,11.55072,205.3461333333333
57,aten::mul,"[64, 48, 4, 4]","[64, 1, 1, 1]","[64, 48, 4, 4]",M,0.0036561562752907943,0.4996746909564086,0.00021859555555555556,205.47982222222223,1.0,0.098304,0.049152,6.4e-05,0.049152,0.098368,0.4497072218607678,0.7512663414634146,205.47982222222223
58,aten::_convolution,"[1, 48, 64, 64]","[64, 48, 4, 4]","[1, 64, 32, 32]",C,1.1830551989730422,161.68421052631578,0.0008184007804878049,769.2967336585366,1.0,100.663296,0.196608,0.049152,0.065536,0.311296,123.0,769.2967336585366,650.2627555555556
59,aten::pow,"[64, 64, 4, 4]",0,"[64, 64, 4, 4]",M,0.056249999999999994,0.5,0.0002912711111111111,273.79484444444444,1.0,0.131072,0.065536,0.0,0.065536,0.131072,0.45,15.40096,273.79484444444444
60,aten::mul,"[64, 64, 4, 4]","[64, 1, 1, 1]","[64, 64, 4, 4]",M,0.003656751062386173,0.4997559785261103,0.00029141333333333334,273.92853333333335,1.0,0.131072,0.065536,6.4e-05,0.065536,0.131136,0.4497803806734992,1.0016884552845529,273.92853333333335
61,aten::_convolution,"[1, 64, 32, 32]","[64, 64, 4, 4]","[1, 64, 16, 16]",M,0.8325203252032519,113.77777777777777,0.00032768,308.0192,1.0,33.554432,0.065536,0.065536,0.016384,0.147456,102.39999999999999,256.43224455284553,308.0192
62,aten::pow,"[128, 64, 4, 4]",0,"[128, 64, 4, 4]",M,0.056249999999999994,0.5,0.0005825422222222222,547.5896888888889,1.0,0.262144,0.131072,0.0,0.131072,0.262144,0.45,30.80192,547.5896888888889
63,aten::mul,"[128, 64, 4, 4]","[128, 1, 1, 1]","[128, 64, 4, 4]",M,0.003656751062386173,0.4997559785261103,0.0005828266666666667,547.8570666666667,1.0,0.262144,0.131072,0.000128,0.131072,0.262272,0.4497803806734992,2.0033769105691057,547.8570666666667
64,aten::_convolution,"[1, 64, 16, 16]","[128, 64, 4, 4]","[1, 128, 8, 8]",M,0.39435173299101406,53.89473684210526,0.0003458844444444445,325.1313777777778,1.0,16.777216,0.016384,0.131072,0.008192,0.155648,48.50526315789473,128.21612227642277,325.1313777777778
65,aten::pow,"[128, 128, 4, 4]",0,"[128, 128, 4, 4]",M,0.056249999999999994,0.5,0.0011650844444444444,1095.1793777777777,1.0,0.524288,0.262144,0.0,0.262144,0.524288,0.45,61.60384,1095.1793777777777
66,aten::mul,"[128, 128, 4, 4]","[128, 1, 1, 1]","[128, 128, 4, 4]",M,0.003657643605969865,0.4998779594825482,0.0011653688888888889,1095.4467555555557,1.0,0.524288,0.262144,0.000128,0.262144,0.524416,0.44989016353429334,4.006753821138211,1095.4467555555557
67,aten::_convolution,"[1, 128, 8, 8]","[128, 128, 4, 4]","[1, 128, 4, 4]",M,0.11267192371171833,15.398496240601503,0.0006052977777777777,568.979911111111,1.0,8.388608,0.008192,0.262144,0.002048,0.272384,13.858646616541353,64.10806113821138,568.979911111111
68,aten::pow,"[256, 2048]",0,"[256, 2048]",M,0.056249999999999994,0.5,0.002330168888888889,2190.3587555555555,1.0,1.048576,0.524288,0.0,0.524288,1.048576,0.45,123.20768,2190.3587555555555
69,aten::mul,"[256, 2048]","[256, 1]","[256, 2048]",M,0.003657643605969865,0.4998779594825482,0.0023307377777777778,2190.8935111111114,1.0,1.048576,0.524288,0.000256,0.524288,1.048832,0.44989016353429334,8.013507642276423,2190.8935111111114
70,aten::linear,"[1, 2048]","[256, 2048]","[1, 256]",M,0.007285058752386259,0.9956246961594555,0.0011702044444444446,1099.992177777778,1.0,1.048576,0.002048,0.524288,0.000256,0.526592,0.8960622265435099,8.013507642276423,1099.992177777778
71,aten::pow,"[256, 21918]",0,"[256, 21918]",M,0.05625000000000001,0.5,0.024937813333333333,23441.544533333334,1.0,11.222016,5.611008,0.0,5.611008,11.222016,0.45,1318.58688,23441.544533333334
72,aten::mul,"[256, 21918]","[256, 1]","[256, 21918]",M,0.003658453127634135,0.4999885941099984,0.02493838222222222,23442.079288888886,1.0,11.222016,5.611008,0.000256,5.611008,11.222272,0.4499897346989986,85.76174829268292,23442.079288888886
73,aten::linear,"[1, 21918]","[256, 21918]","[1, 256]",M,0.007288270838322102,0.996063681237354,0.01251818222222222,11767.091288888889,1.0,11.222016,0.021918,5.611008,0.000256,5.633182,0.8964573131136186,85.76174829268292,11767.091288888889
74,aten::pow,"[512, 512]",0,"[512, 512]",M,0.056249999999999994,0.5,0.0011650844444444444,1095.1793777777777,1.0,0.524288,0.262144,0.0,0.262144,0.524288,0.45,61.60384,1095.1793777777777
75,aten::mul,"[512, 512]","[512, 1]","[512, 512]",M,0.0036549672813801304,0.4995121951219512,0.0011662222222222224,1096.248888888889,1.0,0.524288,0.262144,0.000512,0.262144,0.5248,0.44956097560975605,4.006753821138211,1096.248888888889
76,aten::linear,"[1, 512]","[512, 512]","[1, 512]",M,0.007288602068900067,0.9961089494163424,0.0005848177777777777,549.7287111111111,1.0,0.524288,0.000512,0.262144,0.000512,0.263168,0.8964980544747082,4.006753821138211,549.7287111111111
77,aten::mul,"[1, 256]",1,"[1, 256]",M,0.003651404935101982,0.49902534113060426,1.14e-06,1.0716,1.0,0.000512,0.000256,1e-06,0.000256,0.000513,0.44912280701754376,0.003912845528455285,1.0716
78,aten::mul,"[1, 256]",1,"[1, 256]",M,0.003651404935101982,0.49902534113060426,1.14e-06,1.0716,1.0,0.000512,0.000256,1e-06,0.000256,0.000513,0.44912280701754376,0.003912845528455285,1.0716
79,aten::mul,"[1, 256]",1,"[1, 256]",M,0.003651404935101982,0.49902534113060426,1.14e-06,1.0716,1.0,0.000512,0.000256,1e-06,0.000256,0.000513,0.44912280701754376,0.003912845528455285,1.0716
80,aten::pow,"[1, 256]",0,"[1, 256]",M,0.056249999999999994,0.5,1.1377777777777777e-06,1.069511111111111,1.0,0.000512,0.000256,0.0,0.000256,0.000512,0.45,0.06016,1.069511111111111
81,aten::mul,"[1, 256]",1,"[1, 256]",M,0.003651404935101982,0.49902534113060426,1.14e-06,1.0716,1.0,0.000512,0.000256,1e-06,0.000256,0.000513,0.44912280701754376,0.003912845528455285,1.0716
82,aten::mean,"[1, 256]",0,[],M,0.00043774319066147856,0.0038910505836575876,5.711111111111111e-07,0.5368444444444445,1.0,2e-06,0.000256,0.0,1e-06,0.000257,0.0035019455252918285,0.000235,0.5368444444444445
83,aten::mul,1,1,1,M,0.0024390243902439024,0.3333333333333333,6.666666666666667e-09,0.006266666666666667,1.0,2e-06,1e-06,1e-06,1e-06,3e-06,0.3,1.5284552845528455e-05,0.006266666666666667
84,aten::mul,"[1, 256]","[1, 256]","[1, 256]",M,0.0024390243902439024,0.3333333333333333,1.7066666666666667e-06,1.6042666666666667,1.0,0.000512,0.000256,0.000256,0.000256,0.000768,0.3,0.003912845528455285,1.6042666666666667
85,aten::mul,1,1,1,M,0.0024390243902439024,0.3333333333333333,6.666666666666667e-09,0.006266666666666667,1.0,2e-06,1e-06,1e-06,1e-06,3e-06,0.3,1.5284552845528455e-05,0.006266666666666667
86,aten::mul,1,1,1,M,0.0024390243902439024,0.3333333333333333,6.666666666666667e-09,0.006266666666666667,1.0,2e-06,1e-06,1e-06,1e-06,3e-06,0.3,1.5284552845528455e-05,0.006266666666666667
87,aten::pow,"[8, 3]",0,"[8, 3]",M,0.05625000000000001,0.5,1.0666666666666666e-07,0.10026666666666666,1.0,4.8e-05,2.4e-05,0.0,2.4e-05,4.8e-05,0.45,0.00564,0.10026666666666666
88,aten::mul,"[8, 3]","[8, 1]","[8, 3]",M,0.0031358885017421603,0.42857142857142855,1.2444444444444446e-07,0.11697777777777778,1.0,4.8e-05,2.4e-05,8e-06,2.4e-05,5.6e-05,0.38571428571428573,0.00036682926829268293,0.11697777777777778
89,aten::linear,"[1, 3]","[8, 3]","[1, 8]",M,0.005017421602787456,0.6857142857142857,7.777777777777778e-08,0.07311111111111111,1.0,4.8e-05,3e-06,2.4e-05,8e-06,3.5e-05,0.6171428571428571,0.00036682926829268293,0.07311111111111111
90,aten::pow,"[256, 256]",0,"[256, 256]",M,0.056249999999999994,0.5,0.0002912711111111111,273.79484444444444,1.0,0.131072,0.065536,0.0,0.065536,0.131072,0.45,15.40096,273.79484444444444
91,aten::mul,"[256, 256]","[256, 1]","[256, 256]",M,0.003651404935101982,0.49902534113060426,0.00029184,274.3296,1.0,0.131072,0.065536,0.000256,0.065536,0.131328,0.44912280701754376,1.0016884552845529,274.3296
92,aten::linear,"[1, 256]","[256, 256]","[1, 256]",M,0.007260351673284174,0.9922480620155039,0.00014677333333333335,137.96693333333334,1.0,0.131072,0.000256,0.065536,0.000256,0.066048,0.8930232558139534,1.0016884552845529,137.96693333333334
93,aten::pow,"[21918, 256]",0,"[21918, 256]",M,0.05625000000000001,0.5,0.024937813333333333,23441.544533333334,1.0,11.222016,5.611008,0.0,5.611008,11.222016,0.45,1318.58688,23441.544533333334
94,aten::mul,"[21918, 256]","[21918, 1]","[21918, 256]",M,0.003651404935101983,0.49902534113060426,0.024986519999999995,23487.328799999996,1.0,11.222016,5.611008,0.021918,5.611008,11.243934,0.4491228070175439,85.76174829268292,23487.328799999996
95,aten::linear,"[1, 256]","[21918, 256]","[1, 21918]",M,0.007288270838322102,0.996063681237354,0.01251818222222222,11767.091288888889,1.0,11.222016,0.000256,5.611008,0.021918,5.633182,0.8964573131136186,85.76174829268292,11767.091288888889
96,aten::pow,"[4096, 264]",0,"[4096, 264]",M,0.05625,0.5,0.004805973333333334,4517.614933333333,1.0,2.162688,1.081344,0.0,1.081344,2.162688,0.44999999999999996,254.11584000000002,4517.614933333333
97,aten::mul,"[4096, 264]","[4096, 1]","[4096, 264]",M,0.003651620637189358,0.499054820415879,0.004815075555555557,4526.171022222223,1.0,2.162688,1.081344,0.004096,1.081344,2.166784,0.449149338374291,16.527859512195125,4526.171022222223
98,aten::linear,"[1, 264]","[4096, 264]","[1, 4096]",M,0.007287689066938785,0.9959841724816341,0.002412675555555556,2267.9150222222224,1.0,2.162688,0.000264,1.081344,0.004096,1.085704,0.8963857552334704,16.527859512195125,2267.9150222222224
99,aten::pow,"[256, 256, 4, 4]",0,"[256, 256, 4, 4]",M,0.056249999999999994,0.5,0.004660337777777778,4380.717511111111,1.0,2.097152,1.048576,0.0,1.048576,2.097152,0.45,246.41536,4380.717511111111
100,aten::mul,"[256, 256, 4, 4]","[1, 256, 1, 1]","[256, 256, 4, 4]",M,0.003658090041171374,0.4999389722934212,0.004660906666666667,4381.252266666667,1.0,2.097152,1.048576,0.000256,1.048576,2.097408,0.44994507506407905,16.027015284552846,4381.252266666667
101,aten::_convolution,"[1, 256, 4, 4]","[256, 256, 4, 4]","[1, 256, 8, 8]",M,0.45932155873282865,62.77394636015325,0.0023756800000000002,2233.1392,1.0,134.217728,0.004096,1.048576,0.016384,1.069056,56.49655172413792,1025.7289782113821,2233.1392
102,aten::pow,"[256, 44, 4, 4]",0,"[256, 44, 4, 4]",M,0.05625,0.5,0.0008009955555555555,752.9358222222222,1.0,0.360448,0.180224,0.0,0.180224,0.360448,0.45,42.35264,752.9358222222222
103,aten::mul,"[256, 44, 4, 4]","[1, 44, 1, 1]","[256, 44, 4, 4]",M,0.0036580900411713746,0.4999389722934212,0.0008010933333333334,753.0277333333335,1.0,0.360448,0.180224,4.4e-05,0.180224,0.360492,0.44994507506407905,2.7546432520325204,753.0277333333335
104,aten::_convolution,"[1, 256, 8, 8]","[256, 44, 4, 4]","[1, 44, 16, 16]",C,1.6240297969482158,221.95073891625617,0.0007502007154471544,705.1886725203252,1.0,92.274688,0.016384,0.180224,0.011264,0.207872,123.0,705.1886725203252,434.2215111111111
105,aten::pow,"[44, 44, 4, 4]",0,"[44, 44, 4, 4]",M,0.05625,0.5,0.0001376711111111111,129.41084444444445,1.0,0.061952,0.030976,0.0,0.030976,0.061952,0.45,7.27936,129.41084444444445
106,aten::mul,"[44, 44, 4, 4]","[1, 44, 1, 1]","[44, 44, 4, 4]",M,0.00365594003704409,0.49964513839602553,0.00013776888888888887,129.50275555555555,1.0,0.061952,0.030976,4.4e-05,0.030976,0.061996,0.44968062455642305,0.47345430894308943,129.50275555555555
107,aten::_convolution,"[1, 44, 16, 16]","[44, 44, 4, 4]","[1, 44, 32, 32]",C,2.658693941778128,363.35483870967744,0.0005157629918699187,484.8172123577236,1.0,63.438848,0.011264,0.030976,0.045056,0.087296,123.0,484.8172123577236,182.35164444444442
108,aten::pow,"[44, 33, 4, 4]",0,"[44, 33, 4, 4]",M,0.056249999999999994,0.5,0.00010325333333333333,97.05813333333333,1.0,0.046464,0.023232,0.0,0.023232,0.046464,0.45,5.4595199999999995,97.05813333333333
109,aten::mul,"[44, 33, 4, 4]","[1, 33, 1, 1]","[44, 33, 4, 4]",M,0.0036559400370440895,0.49964513839602553,0.00010332666666666666,97.12706666666666,1.0,0.046464,0.023232,3.3e-05,0.023232,0.046497,0.449680624556423,0.3550907317073171,97.12706666666666
110,aten::_convolution,"[1, 44, 32, 32]","[44, 33, 4, 4]","[1, 33, 64, 64]",C,3.422263482150392,467.70934256055364,0.0015472889756097561,1454.4516370731708,1.0,190.316544,0.045056,0.023232,0.135168,0.203456,123.0,1454.4516370731708,424.9969777777778
111,aten::pow,"[33, 33, 4, 4]",0,"[33, 33, 4, 4]",M,0.05625000000000001,0.5,7.743999999999999e-05,72.7936,1.0,0.034848,0.017424,0.0,0.017424,0.034848,0.45,4.09464,72.7936
112,aten::mul,"[33, 33, 4, 4]","[1, 33, 1, 1]","[33, 33, 4, 4]",M,0.0036550753397789418,0.49952696310312206,7.751333333333332e-05,72.86253333333333,1.0,0.034848,0.017424,3.3e-05,0.017424,0.034881,0.4495742667928099,0.2663180487804878,72.86253333333333
113,aten::_convolution,"[1, 33, 64, 64]","[33, 33, 4, 4]","[1, 33, 128, 128]",C,3.0130514740029346,411.78370144706776,0.004641866926829268,4363.354911219512,1.0,570.949632,0.135168,0.017424,0.540672,0.693264,123.0,4363.354911219512,1448.151466666667
114,aten::pow,"[33, 33, 4, 4]",0,"[33, 33, 4, 4]",M,0.05625000000000001,0.5,7.743999999999999e-05,72.7936,1.0,0.034848,0.017424,0.0,0.017424,0.034848,0.45,4.09464,72.7936
115,aten::mul,"[33, 33, 4, 4]","[1, 33, 1, 1]","[33, 33, 4, 4]",M,0.0036550753397789418,0.49952696310312206,7.751333333333332e-05,72.86253333333333,1.0,0.034848,0.017424,3.3e-05,0.017424,0.034881,0.4495742667928099,0.2663180487804878,72.86253333333333
116,aten::_convolution,"[1, 33, 128, 128]","[33, 33, 4, 4]","[1, 33, 256, 256]",C,3.0709385487023897,419.6949349893266,0.018567467707317074,17453.41964487805,1.0,2283.798528,0.540672,0.017424,2.162688,2.720784,123.0,17453.41964487805,5683.415466666667
117,aten::pow,"[256, 256]",0,"[256, 256]",M,0.056249999999999994,0.5,0.0002912711111111111,273.79484444444444,1.0,0.131072,0.065536,0.0,0.065536,0.131072,0.45,15.40096,273.79484444444444
118,aten::mul,"[256, 256]","[256, 1]","[256, 256]",M,0.003651404935101982,0.49902534113060426,0.00029184,274.3296,1.0,0.131072,0.065536,0.000256,0.065536,0.131328,0.44912280701754376,1.0016884552845529,274.3296
119,aten::linear,"[1, 256]","[256, 256]","[1, 256]",M,0.007260351673284174,0.9922480620155039,0.00014677333333333335,137.96693333333334,1.0,0.131072,0.000256,0.065536,0.000256,0.066048,0.8930232558139534,1.0016884552845529,137.96693333333334
120,aten::pow,"[4096, 264]",0,"[4096, 264]",M,0.05625,0.5,0.004805973333333334,4517.614933333333,1.0,2.162688,1.081344,0.0,1.081344,2.162688,0.44999999999999996,254.11584000000002,4517.614933333333
121,aten::mul,"[4096, 264]","[4096, 1]","[4096, 264]",M,0.003651620637189358,0.499054820415879,0.004815075555555557,4526.171022222223,1.0,2.162688,1.081344,0.004096,1.081344,2.166784,0.449149338374291,16.527859512195125,4526.171022222223
122,aten::linear,"[1, 264]","[4096, 264]","[1, 4096]",M,0.007287689066938785,0.9959841724816341,0.002412675555555556,2267.9150222222224,1.0,2.162688,0.000264,1.081344,0.004096,1.085704,0.8963857552334704,16.527859512195125,2267.9150222222224
123,aten::pow,"[256, 256, 4, 4]",0,"[256, 256, 4, 4]",M,0.056249999999999994,0.5,0.004660337777777778,4380.717511111111,1.0,2.097152,1.048576,0.0,1.048576,2.097152,0.45,246.41536,4380.717511111111
124,aten::mul,"[256, 256, 4, 4]","[1, 256, 1, 1]","[256, 256, 4, 4]",M,0.003658090041171374,0.4999389722934212,0.004660906666666667,4381.252266666667,1.0,2.097152,1.048576,0.000256,1.048576,2.097408,0.44994507506407905,16.027015284552846,4381.252266666667
125,aten::_convolution,"[1, 256, 4, 4]","[256, 256, 4, 4]","[1, 256, 8, 8]",M,0.45932155873282865,62.77394636015325,0.0023756800000000002,2233.1392,1.0,134.217728,0.004096,1.048576,0.016384,1.069056,56.49655172413792,1025.7289782113821,2233.1392
126,aten::pow,"[256, 20, 4, 4]",0,"[256, 20, 4, 4]",M,0.056249999999999994,0.5,0.00036408888888888886,342.24355555555553,1.0,0.16384,0.08192,0.0,0.08192,0.16384,0.45,19.251199999999997,342.24355555555553
127,aten::mul,"[256, 20, 4, 4]","[1, 20, 1, 1]","[256, 20, 4, 4]",M,0.0036580900411713746,0.4999389722934212,0.0003641333333333333,342.2853333333333,1.0,0.16384,0.08192,2e-05,0.08192,0.16386,0.4499450750640791,1.252110569105691,342.2853333333333
128,aten::_convolution,"[1, 256, 8, 8]","[256, 20, 4, 4]","[1, 20, 16, 16]",C,1.4836995894711422,202.77227722772278,0.000341000325203252,320.5403056910569,1.0,41.94304,0.016384,0.08192,0.00512,0.103424,123.0,320.5403056910569,216.04124444444443
129,aten::pow,"[20, 20, 4, 4]",0,"[20, 20, 4, 4]",M,0.05625,0.5,2.8444444444444444e-05,26.737777777777776,1.0,0.0128,0.0064,0.0,0.0064,0.0128,0.45,1.504,26.737777777777776
130,aten::mul,"[20, 20, 4, 4]","[1, 20, 1, 1]","[20, 20, 4, 4]",M,0.0036528290399908685,0.49921996879875197,2.8488888888888885e-05,26.779555555555554,1.0,0.0128,0.0064,2e-05,0.0064,0.01282,0.44929797191887677,0.09782113821138212,26.779555555555554
131,aten::_convolution,"[1, 20, 16, 16]","[20, 20, 4, 4]","[1, 20, 32, 32]",C,1.4985365853658539,204.8,0.00010656260162601626,100.1688455284553,1.0,13.1072,0.00512,0.0064,0.02048,0.032,123.0,100.1688455284553,66.84444444444445
132,aten::pow,"[20, 15, 4, 4]",0,"[20, 15, 4, 4]",M,0.05625,0.5,2.133333333333333e-05,20.05333333333333,1.0,0.0096,0.0048,0.0,0.0048,0.0096,0.45,1.128,20.05333333333333
133,aten::mul,"[20, 15, 4, 4]","[1, 15, 1, 1]","[20, 15, 4, 4]",M,0.0036528290399908685,0.49921996879875197,2.1366666666666667e-05,20.084666666666667,1.0,0.0096,0.0048,1.5e-05,0.0048,0.009615,0.44929797191887677,0.0733658536585366,20.084666666666667
134,aten::_convolution,"[1, 20, 32, 32]","[20, 15, 4, 4]","[1, 15, 64, 64]",C,1.6588965889658898,226.71586715867159,0.0003196878048780488,300.5065365853659,1.0,39.3216,0.02048,0.0048,0.06144,0.08672,122.99999999999999,300.5065365853659,181.14844444444446
135,aten::pow,"[15, 15, 4, 4]",0,"[15, 15, 4, 4]",M,0.056249999999999994,0.5,1.6e-05,15.040000000000001,1.0,0.0072,0.0036,0.0,0.0036,0.0072,0.45,0.846,15.040000000000001
136,aten::mul,"[15, 15, 4, 4]","[1, 15, 1, 1]","[15, 15, 4, 4]",M,0.003650930480198773,0.498960498960499,1.6033333333333335e-05,15.071333333333335,1.0,0.0072,0.0036,1.5e-05,0.0036,0.007215,0.44906444906444903,0.05502439024390244,15.071333333333335
137,aten::_convolution,"[1, 15, 64, 64]","[15, 15, 4, 4]","[1, 15, 128, 128]",C,1.3886053300687446,189.77606177606177,0.0009590634146341464,901.5196097560976,1.0,117.9648,0.06144,0.0036,0.24576,0.3108,123.0,901.5196097560976,649.2266666666667
138,aten::pow,"[15, 15, 4, 4]",0,"[15, 15, 4, 4]",M,0.056249999999999994,0.5,1.6e-05,15.040000000000001,1.0,0.0072,0.0036,0.0,0.0036,0.0072,0.45,0.846,15.040000000000001
139,aten::mul,"[15, 15, 4, 4]","[1, 15, 1, 1]","[15, 15, 4, 4]",M,0.003650930480198773,0.498960498960499,1.6033333333333335e-05,15.071333333333335,1.0,0.0072,0.0036,1.5e-05,0.0036,0.007215,0.44906444906444903,0.05502439024390244,15.071333333333335
140,aten::_convolution,"[1, 15, 128, 128]","[15, 15, 4, 4]","[1, 15, 256, 256]",C,1.4007742180635048,191.43914313534566,0.0038362536585365855,3606.0784390243903,1.0,471.8592,0.24576,0.0036,0.98304,1.2324,123.0,3606.0784390243903,2574.346666666667
141,aten::mul,1,1,1,M,0.0024390243902439024,0.3333333333333333,6.666666666666667e-09,0.006266666666666667,1.0,2e-06,1e-06,1e-06,1e-06,3e-06,0.3,1.5284552845528455e-05,0.006266666666666667
142,aten::matmul,"[4, 1]","[1, 4]","[4, 4]",M,0.004878048780487805,0.6666666666666666,5.3333333333333334e-08,0.050133333333333335,1.0,3.2e-05,4e-06,4e-06,1.6e-05,2.4e-05,0.6,0.0002445528455284553,0.050133333333333335
143,aten::mul,"[4, 1]",1,"[4, 1]",M,0.003252032520325203,0.4444444444444444,2e-08,0.0188,1.0,8e-06,4e-06,1e-06,4e-06,9e-06,0.39999999999999997,6.113821138211382e-05,0.0188
144,aten::mul,"[1, 4]",1,"[1, 4]",M,0.003252032520325203,0.4444444444444444,2e-08,0.0188,1.0,8e-06,4e-06,1e-06,4e-06,9e-06,0.39999999999999997,6.113821138211382e-05,0.0188
145,aten::mul,1,1,1,M,0.0024390243902439024,0.3333333333333333,6.666666666666667e-09,0.006266666666666667,1.0,2e-06,1e-06,1e-06,1e-06,3e-06,0.3,1.5284552845528455e-05,0.006266666666666667
146,aten::matmul,"[4, 1]","[1, 4]","[4, 4]",M,0.004878048780487805,0.6666666666666666,5.3333333333333334e-08,0.050133333333333335,1.0,3.2e-05,4e-06,4e-06,1.6e-05,2.4e-05,0.6,0.0002445528455284553,0.050133333333333335
147,aten::cos,"[4, 4]",0,"[4, 4]",M,0.056249999999999994,0.5,7.111111111111111e-08,0.06684444444444444,1.0,3.2e-05,1.6e-05,0.0,1.6e-05,3.2e-05,0.45,0.00376,0.06684444444444444
148,aten::reciprocal,[],0,[],M,0.056249999999999994,0.5,4.444444444444444e-09,0.004177777777777778,1.0,2e-06,1e-06,0.0,1e-06,2e-06,0.45,0.000235,0.004177777777777778
149,aten::mul,1,1,1,M,0.0024390243902439024,0.3333333333333333,6.666666666666667e-09,0.006266666666666667,1.0,2e-06,1e-06,1e-06,1e-06,3e-06,0.3,1.5284552845528455e-05,0.006266666666666667
150,aten::mul,"[4, 4]","[1, 3, 65536, 4, 4]","[1, 3, 65536, 4, 4]",M,0.003658527281249843,0.49999872843747856,0.013981048888888889,13142.185955555557,1.0,6.291456,1.6e-05,3.145728,3.145728,6.291472,0.4499988555937307,48.08104585365854,13142.185955555557
151,aten::matmul,"[4, 4]","[1, 3, 65536, 4, 4]","[1, 3, 65536, 4, 4]",M,0.014634109124999371,1.9999949137499142,0.013981048888888889,13142.185955555557,1.0,25.165824,1.6e-05,3.145728,3.145728,6.291472,1.7999954223749228,192.32418341463415,13142.185955555557
152,aten::matmul,"[1, 3, 65536, 4, 4]","[4, 4]","[1, 3, 65536, 4, 4]",M,0.014634109124999371,1.9999949137499142,0.013981048888888889,13142.185955555557,1.0,25.165824,3.145728,1.6e-05,3.145728,6.291472,1.7999954223749228,192.32418341463415,13142.185955555557
153,aten::mul,1,"[1, 3, 65536, 4, 4]","[1, 3, 65536, 4, 4]",M,0.003658536003857216,0.4999999205271529,0.013981015555555556,13142.154622222222,1.0,6.291456,1e-06,3.145728,3.145728,6.291457,0.44999992847443765,48.08104585365854,13142.154622222222
154,aten::mul,1,1,1,M,0.0024390243902439024,0.3333333333333333,6.666666666666667e-09,0.006266666666666667,1.0,2e-06,1e-06,1e-06,1e-06,3e-06,0.3,1.5284552845528455e-05,0.006266666666666667
155,aten::mul,"[1, 3, 1024, 1024]","[1, 3, 1, 1]","[1, 3, 1024, 1024]",M,0.0036585348408404972,0.4999997615815346,0.013981019999999999,13142.1588,1.0,6.291456,3.145728,3e-06,3.145728,6.291459,0.44999978542338115,48.08104585365854,13142.1588
